﻿<?xml version="1.0" encoding="utf-8"?>
<tags>
  <row Id="1" TagName="research" Count="15" />
  <row Id="2" TagName="tor-browser-bundle" Count="1370" ExcerptPostId="32" WikiPostId="31" />
  <row Id="3" TagName="javascript" Count="62" ExcerptPostId="1078" WikiPostId="1077" />
  <row Id="4" TagName="threats" Count="4" />
  <row Id="5" TagName="relays" Count="464" ExcerptPostId="142" WikiPostId="141" />
  <row Id="6" TagName="anonymity" Count="518" ExcerptPostId="12534" WikiPostId="12533" />
  <row Id="7" TagName="onion-services" Count="614" ExcerptPostId="67" WikiPostId="66" />
  <row Id="8" TagName="bootstrapping" Count="12" />
  <row Id="9" TagName="attacks" Count="83" ExcerptPostId="23280" WikiPostId="23279" />
  <row Id="10" TagName="implementations" Count="14" />
  <row Id="11" TagName="dns" Count="81" ExcerptPostId="134" WikiPostId="133" />
  <row Id="12" TagName="vps" Count="23" />
  <row Id="13" TagName="load-balance" Count="7" />
  <row Id="14" TagName="pluggable-transports" Count="65" ExcerptPostId="10554" WikiPostId="10553" />
  <row Id="15" TagName="proxy-leaks" Count="13" />
  <row Id="16" TagName="threat-models" Count="8" />
  <row Id="17" TagName="i2p" Count="16" ExcerptPostId="1098" WikiPostId="1097" />
  <row Id="18" TagName="qubes" Count="9" ExcerptPostId="1911" WikiPostId="1910" />
  <row Id="19" TagName="torvm" Count="5" ExcerptPostId="1913" WikiPostId="1912" />
  <row Id="20" TagName="deanonymization" Count="127" ExcerptPostId="1691" WikiPostId="1690" />
  <row Id="23" TagName="surveillance" Count="11" />
  <row Id="25" TagName="isolation" Count="6" />
  <row Id="26" TagName="whonix" Count="99" ExcerptPostId="977" WikiPostId="976" />
  <row Id="27" TagName="tor-cloud" Count="15" ExcerptPostId="764" WikiPostId="763" />
  <row Id="28" TagName="bridge" Count="200" ExcerptPostId="176" WikiPostId="175" />
  <row Id="29" TagName="security" Count="489" ExcerptPostId="4962" WikiPostId="4961" />
  <row Id="30" TagName="network-configuration" Count="146" ExcerptPostId="22247" WikiPostId="22246" />
  <row Id="31" TagName="firefox" Count="150" ExcerptPostId="77" WikiPostId="76" />
  <row Id="32" TagName="update" Count="53" ExcerptPostId="22253" WikiPostId="22252" />
  <row Id="33" TagName="guard-node" Count="77" ExcerptPostId="10105" WikiPostId="10104" />
  <row Id="35" TagName="circuit" Count="183" ExcerptPostId="279" WikiPostId="278" />
  <row Id="36" TagName="https" Count="59" ExcerptPostId="12527" WikiPostId="12526" />
  <row Id="39" TagName="mirrors" Count="5" ExcerptPostId="83" WikiPostId="82" />
  <row Id="40" TagName="support" Count="41" />
  <row Id="42" TagName="server-administration" Count="34" />
  <row Id="43" TagName="chrome" Count="21" ExcerptPostId="136" WikiPostId="135" />
  <row Id="45" TagName="onion-routing" Count="264" ExcerptPostId="158" WikiPostId="157" />
  <row Id="46" TagName="virtual-machine" Count="33" ExcerptPostId="22276" WikiPostId="22275" />
  <row Id="47" TagName="source-code" Count="52" ExcerptPostId="400" WikiPostId="399" />
  <row Id="48" TagName="back-door" Count="2" />
  <row Id="50" TagName="configuration" Count="956" ExcerptPostId="389" WikiPostId="388" />
  <row Id="51" TagName="binaries" Count="3" />
  <row Id="52" TagName="verification" Count="30" />
  <row Id="53" TagName="client" Count="61" ExcerptPostId="10103" WikiPostId="10102" />
  <row Id="54" TagName="private-key" Count="27" ExcerptPostId="22280" WikiPostId="22279" />
  <row Id="55" TagName="botnet" Count="4" ExcerptPostId="22245" WikiPostId="22244" />
  <row Id="56" TagName="vulnerability" Count="19" />
  <row Id="58" TagName="ssh" Count="49" ExcerptPostId="1979" WikiPostId="1978" />
  <row Id="60" TagName="startup" Count="32" />
  <row Id="61" TagName="guard" Count="55" ExcerptPostId="398" WikiPostId="397" />
  <row Id="62" TagName="outreach" Count="4" ExcerptPostId="276" WikiPostId="275" />
  <row Id="63" TagName="onioncat" Count="4" />
  <row Id="64" TagName="ipv6" Count="22" ExcerptPostId="1100" WikiPostId="1099" />
  <row Id="65" TagName="tunnel" Count="15" />
  <row Id="66" TagName="tls" Count="16" />
  <row Id="67" TagName="log" Count="49" />
  <row Id="68" TagName="ubuntu" Count="132" ExcerptPostId="10101" WikiPostId="10100" />
  <row Id="69" TagName="development" Count="26" ExcerptPostId="10109" WikiPostId="10108" />
  <row Id="70" TagName="freedom-hosting" Count="3" />
  <row Id="72" TagName="information-leaks" Count="23" />
  <row Id="73" TagName="stats" Count="8" />
  <row Id="74" TagName="nyx" Count="39" ExcerptPostId="967" WikiPostId="966" />
  <row Id="76" TagName="torcheck" Count="34" ExcerptPostId="973" WikiPostId="972" />
  <row Id="77" TagName="directory" Count="121" ExcerptPostId="302" WikiPostId="301" />
  <row Id="78" TagName="session" Count="6" />
  <row Id="82" TagName="bandwidth" Count="69" ExcerptPostId="19716" WikiPostId="19715" />
  <row Id="84" TagName="performance" Count="25" />
  <row Id="85" TagName="diagnostics" Count="3" />
  <row Id="86" TagName="troubleshooting" Count="27" />
  <row Id="87" TagName="density" Count="2" />
  <row Id="89" TagName="bittorrent" Count="27" ExcerptPostId="22414" WikiPostId="22413" />
  <row Id="90" TagName="help" Count="253" ExcerptPostId="22420" WikiPostId="22419" />
  <row Id="94" TagName="exit-relays" Count="293" ExcerptPostId="235" WikiPostId="234" />
  <row Id="96" TagName="network-health" Count="20" />
  <row Id="97" TagName="speed" Count="31" ExcerptPostId="16395" WikiPostId="16394" />
  <row Id="98" TagName="pre-tor-proxy" Count="12" />
  <row Id="99" TagName="authentication" Count="15" />
  <row Id="103" TagName="fingerprinting" Count="61" ExcerptPostId="1224" WikiPostId="1223" />
  <row Id="105" TagName="mobile" Count="25" ExcerptPostId="443" WikiPostId="442" />
  <row Id="106" TagName="browsers" Count="87" ExcerptPostId="565" WikiPostId="564" />
  <row Id="107" TagName="ios" Count="14" ExcerptPostId="1197" WikiPostId="1196" />
  <row Id="110" TagName="packages" Count="8" />
  <row Id="111" TagName="debian" Count="78" ExcerptPostId="1039" WikiPostId="1038" />
  <row Id="112" TagName="raspberry-pi" Count="54" ExcerptPostId="12605" WikiPostId="12604" />
  <row Id="113" TagName="raspbian" Count="12" ExcerptPostId="3303" WikiPostId="3302" />
  <row Id="118" TagName="exit-policies" Count="22" />
  <row Id="119" TagName="abuse" Count="10" />
  <row Id="120" TagName="flags" Count="18" />
  <row Id="124" TagName="stream-isolation" Count="14" />
  <row Id="125" TagName="tunneldirconns" Count="2" />
  <row Id="126" TagName="one-hop" Count="6" />
  <row Id="128" TagName="virtualisation" Count="9" />
  <row Id="129" TagName="google" Count="35" ExcerptPostId="1104" WikiPostId="1103" />
  <row Id="130" TagName="ec2" Count="3" ExcerptPostId="1096" WikiPostId="1095" />
  <row Id="131" TagName="orbot" Count="129" ExcerptPostId="965" WikiPostId="964" />
  <row Id="132" TagName="protocol" Count="81" ExcerptPostId="1411" WikiPostId="1410" />
  <row Id="133" TagName="censorship" Count="97" ExcerptPostId="10099" WikiPostId="10098" />
  <row Id="134" TagName="unlinkability" Count="4" />
  <row Id="137" TagName="time" Count="14" />
  <row Id="139" TagName="vpn" Count="131" ExcerptPostId="1408" WikiPostId="1407" />
  <row Id="142" TagName="silk-road" Count="3" ExcerptPostId="971" WikiPostId="970" />
  <row Id="143" TagName="dos" Count="16" ExcerptPostId="980" WikiPostId="979" />
  <row Id="144" TagName="encryption" Count="75" ExcerptPostId="22272" WikiPostId="22271" />
  <row Id="146" TagName="darknet" Count="33" ExcerptPostId="1975" WikiPostId="1974" />
  <row Id="148" TagName="transparent-proxy" Count="42" ExcerptPostId="1111" WikiPostId="1110" />
  <row Id="150" TagName="obfsproxy" Count="53" ExcerptPostId="1195" WikiPostId="1194" />
  <row Id="151" TagName="windows" Count="310" ExcerptPostId="1271" WikiPostId="1270" />
  <row Id="152" TagName="platform" Count="5" />
  <row Id="153" TagName="legal" Count="15" />
  <row Id="154" TagName="plugin" Count="25" ExcerptPostId="22278" WikiPostId="22277" />
  <row Id="155" TagName="tails" Count="331" ExcerptPostId="975" WikiPostId="974" />
  <row Id="156" TagName="linux" Count="204" ExcerptPostId="969" WikiPostId="968" />
  <row Id="157" TagName="vidalia" Count="52" ExcerptPostId="782" WikiPostId="781" />
  <row Id="160" TagName="java" Count="20" ExcerptPostId="1010" WikiPostId="1009" />
  <row Id="166" TagName="socks" Count="130" ExcerptPostId="1393" WikiPostId="1392" />
  <row Id="169" TagName="openvpn" Count="37" ExcerptPostId="1398" WikiPostId="1397" />
  <row Id="172" TagName="python" Count="53" ExcerptPostId="10107" WikiPostId="10106" />
  <row Id="173" TagName="email" Count="62" ExcerptPostId="784" WikiPostId="783" />
  <row Id="174" TagName="torbirdy" Count="8" ExcerptPostId="786" WikiPostId="785" />
  <row Id="175" TagName="polipo" Count="8" ExcerptPostId="1352" WikiPostId="1351" />
  <row Id="176" TagName="chrome-os" Count="3" ExcerptPostId="872" WikiPostId="871" />
  <row Id="177" TagName="atlas" Count="21" ExcerptPostId="1102" WikiPostId="1101" />
  <row Id="179" TagName="web-hosting" Count="32" />
  <row Id="180" TagName="ssl" Count="33" ExcerptPostId="1977" WikiPostId="1976" />
  <row Id="181" TagName="malware" Count="22" ExcerptPostId="1474" WikiPostId="1473" />
  <row Id="182" TagName="certificate" Count="21" />
  <row Id="184" TagName="middle" Count="25" />
  <row Id="185" TagName="torsocks" Count="154" ExcerptPostId="19684" WikiPostId="19683" />
  <row Id="186" TagName="tor-button" Count="23" />
  <row Id="188" TagName="persistent" Count="11" />
  <row Id="189" TagName="random" Count="2" />
  <row Id="194" TagName="blocked-services" Count="51" ExcerptPostId="1955" WikiPostId="1954" />
  <row Id="198" TagName="spoofing" Count="9" />
  <row Id="199" TagName="freebsd" Count="5" />
  <row Id="200" TagName="subgraph" Count="2" ExcerptPostId="3235" WikiPostId="3234" />
  <row Id="202" TagName="orchid" Count="2" ExcerptPostId="3237" WikiPostId="3236" />
  <row Id="203" TagName="stem" Count="50" ExcerptPostId="10111" WikiPostId="10110" />
  <row Id="206" TagName="website" Count="63" ExcerptPostId="15665" WikiPostId="15664" />
  <row Id="210" TagName="chat" Count="15" />
  <row Id="212" TagName="orweb" Count="3" ExcerptPostId="3391" WikiPostId="3390" />
  <row Id="215" TagName="traffic-analysis" Count="30" />
  <row Id="216" TagName="relay-adversary" Count="11" />
  <row Id="217" TagName="network-adversary" Count="4" />
  <row Id="219" TagName="spam" Count="2" />
  <row Id="220" TagName="mix" Count="3" />
  <row Id="221" TagName="jondonym" Count="5" />
  <row Id="222" TagName="iptables" Count="21" />
  <row Id="224" TagName="private" Count="30" />
  <row Id="225" TagName="blocked" Count="18" />
  <row Id="230" TagName="web-proxy" Count="32" />
  <row Id="232" TagName="git" Count="5" />
  <row Id="233" TagName="build" Count="5" />
  <row Id="237" TagName="fedora" Count="8" />
  <row Id="238" TagName="consensus" Count="31" />
  <row Id="240" TagName="url" Count="22" />
  <row Id="241" TagName="address" Count="21" />
  <row Id="242" TagName="flash" Count="16" />
  <row Id="245" TagName="add-on" Count="39" ExcerptPostId="22257" WikiPostId="22256" />
  <row Id="246" TagName="error" Count="114" ExcerptPostId="22251" WikiPostId="22250" />
  <row Id="247" TagName="torproject.org" Count="16" ExcerptPostId="4280" WikiPostId="4279" />
  <row Id="248" TagName="safari" Count="6" />
  <row Id="252" TagName="geoip" Count="10" />
  <row Id="253" TagName="settings" Count="34" />
  <row Id="254" TagName="global-adversary" Count="8" />
  <row Id="255" TagName="myfamily" Count="5" />
  <row Id="256" TagName="clear-net" Count="19" ExcerptPostId="16171" WikiPostId="16170" />
  <row Id="260" TagName="login" Count="19" />
  <row Id="261" TagName="secure-drop" Count="1" ExcerptPostId="4796" WikiPostId="4795" />
  <row Id="262" TagName="noscript" Count="26" ExcerptPostId="10609" WikiPostId="10608" />
  <row Id="264" TagName="server" Count="55" ExcerptPostId="22412" WikiPostId="22411" />
  <row Id="267" TagName="ip-address" Count="100" ExcerptPostId="10113" WikiPostId="10112" />
  <row Id="1270" TagName="identity-change" Count="14" />
  <row Id="1271" TagName="html5" Count="9" ExcerptPostId="9882" WikiPostId="9881" />
  <row Id="1274" TagName="ip-address-leak" Count="22" />
  <row Id="1275" TagName="customization" Count="5" />
  <row Id="1276" TagName="mac" Count="165" ExcerptPostId="19153" WikiPostId="19152" />
  <row Id="1281" TagName="android" Count="73" ExcerptPostId="22209" WikiPostId="22208" />
  <row Id="1284" TagName="cloudflare" Count="13" />
  <row Id="1285" TagName="obfs4" Count="47" ExcerptPostId="22243" WikiPostId="22242" />
  <row Id="1288" TagName="captcha" Count="25" />
  <row Id="1289" TagName="proxy" Count="170" ExcerptPostId="9198" WikiPostId="9197" />
  <row Id="1292" TagName="panopticlick" Count="5" />
  <row Id="1293" TagName="meek" Count="16" ExcerptPostId="22241" WikiPostId="22240" />
  <row Id="1298" TagName="cookies" Count="21" />
  <row Id="1300" TagName="privoxy" Count="9" />
  <row Id="1302" TagName="routers" Count="25" />
  <row Id="1303" TagName="fast-relays" Count="7" />
  <row Id="1306" TagName="tor-install" Count="129" ExcerptPostId="22249" WikiPostId="22248" />
  <row Id="1308" TagName="hsdir" Count="18" />
  <row Id="1309" TagName="location" Count="19" />
  <row Id="1311" TagName="bash" Count="7" />
  <row Id="1317" TagName="firewall" Count="39" ExcerptPostId="22274" WikiPostId="22273" />
  <row Id="1321" TagName="shadow" Count="4" />
  <row Id="1323" TagName="openbsd" Count="4" />
  <row Id="1324" TagName="obfs4proxy" Count="13" />
  <row Id="1325" TagName="terminal" Count="16" />
  <row Id="1326" TagName="torify" Count="20" />
  <row Id="1328" TagName="apparmor" Count="4" />
  <row Id="1337" TagName="sandbox" Count="4" />
  <row Id="1344" TagName="connection" Count="96" />
  <row Id="1347" TagName="ricochet" Count="4" />
  <row Id="1349" TagName="entry" Count="9" />
  <row Id="1350" TagName="node" Count="50" ExcerptPostId="23282" WikiPostId="23281" />
  <row Id="1351" TagName="metadata" Count="2" />
  <row Id="1353" TagName="facebook" Count="6" />
  <row Id="1355" TagName="bitcoin" Count="11" />
  <row Id="1365" TagName="systemd" Count="3" />
  <row Id="1366" TagName="kali-linux" Count="9" />
  <row Id="1369" TagName="key" Count="5" />
  <row Id="1371" TagName="tor-network" Count="16" />
  <row Id="1375" TagName="brave" Count="4" ExcerptPostId="22237" WikiPostId="22236" />
  <row Id="1376" TagName="garlic-routing" Count="3" ExcerptPostId="22188" WikiPostId="22187" />
  <row Id="1383" TagName="tor2web" Count="1" ExcerptPostId="22319" WikiPostId="22318" />
  <row Id="1384" TagName="internet-service-provider" Count="11" ExcerptPostId="22322" WikiPostId="22321" />
  <row Id="1391" TagName="onionaddress" Count="9" />
  <row Id="1393" TagName="docker" Count="1" />
  <row Id="1394" TagName="compose" Count="1" />
</tags>